budget,runtime,vote_average,vote_count,popularity,genre_count,release_year,budget_category,main_genre,is_english,is_hit
0,6,6.5,12,2.895,1,2020.0,Ultra_Low,Horror,1,0
0,77,0.0,0,2.1872,0,1997.0,Ultra_Low,Unknown,0,0
150000000,99,5.744,4288,6.6585,3,2012.0,Medium,Fantasy,1,0
42000000,102,6.429,2659,2.7003,3,2012.0,Low,Action,1,0
60000000,116,5.738,1661,3.3612,2,2007.0,Medium,Comedy,1,0
0,74,7.1,462,3.2224,2,2012.0,Ultra_Low,Animation,1,0
75000000,86,6.912,11153,13.7009,4,2005.0,Medium,Family,1,1
0,98,5.6,6,2.0271,2,2025.0,Ultra_Low,Comedy,0,0
0,97,6.926,197,2.7514,4,2013.0,Ultra_Low,Adventure,0,1
0,93,5.926,81,13.2455,5,2025.0,Ultra_Low,Horror,1,1
125000000,116,5.43,7845,5.1392,3,2016.0,Medium,Action,1,0
18000,77,7.924,1652,3.2761,4,1920.0,Ultra_Low,Drama,0,0
10000000,99,6.579,2192,4.3453,2,2021.0,Low,Horror,1,0
0,52,2.0,1,3.5352,0,1994.0,Ultra_Low,Unknown,1,0
18000000,116,6.757,1707,2.9464,2,2021.0,Low,Drama,1,0
0,75,6.523,298,3.6624,2,2020.0,Ultra_Low,Animation,0,0
3700000,86,8.069,8270,13.3967,3,1988.0,Low,Fantasy,0,1
0,13,0.0,0,1.3334,0,2000.0,Ultra_Low,Unknown,1,0
2500000,99,5.222,1433,2.8472,2,1982.0,Low,Horror,1,1
0,170,6.5,18,3.1886,3,2001.0,Ultra_Low,Drama,0,1
0,128,7.1,49,2.9787,4,2024.0,Ultra_Low,Thriller,0,0
60000000,130,6.443,4510,5.182,3,2013.0,Medium,Fantasy,1,0
0,124,7.6,61,2.3261,2,1969.0,Ultra_Low,Drama,0,0
0,106,7.4,68,3.0007,1,2024.0,Ultra_Low,Drama,0,1
0,97,6.919,180,3.0994,3,2023.0,Ultra_Low,Music,1,0
0,108,5.0,74,2.6727,1,2001.0,Ultra_Low,Drama,0,1
0,67,5.279,34,6.0348,3,1985.0,Ultra_Low,Drama,0,0
0,30,7.123,301,2.4309,3,2010.0,Ultra_Low,Action,0,0
0,87,6.0,2,1.1846,1,2018.0,Ultra_Low,Horror,1,0
0,121,7.0,105,2.537,3,2005.0,Ultra_Low,Drama,0,0
50000000,109,6.861,3630,16.5632,3,2024.0,Low,War,1,0
0,103,4.444,9,4.7303,1,2012.0,Ultra_Low,Drama,0,0
2352000,132,6.321,14,2.9375,2,2025.0,Low,Thriller,0,0
0,60,6.3,26,2.2679,3,1969.0,Ultra_Low,Animation,0,0
0,71,6.3,3,2.3964,2,2019.0,Ultra_Low,Drama,0,0
130000000,130,6.481,2391,3.3495,3,2000.0,Medium,Drama,1,0
8000000,93,6.2,108,3.267,1,2014.0,Low,Comedy,1,0
20000000,100,5.979,1618,18.9213,4,2018.0,Low,Science Fiction,1,0
0,88,6.706,708,3.873,1,2018.0,Ultra_Low,Horror,0,0
0,123,0.0,0,2.4876,2,2025.0,Ultra_Low,Drama,1,0
0,19,6.092,238,2.9239,1,2011.0,Ultra_Low,Horror,1,0
180000000,127,7.401,1141,85.2164,3,2025.0,High,Action,1,0
0,0,7.2,6,1.1502,2,2018.0,Ultra_Low,Comedy,0,0
100000000,120,6.73,1394,7.2359,2,2024.0,Medium,Science Fiction,1,0
0,70,0.0,0,2.1213,2,2021.0,Ultra_Low,Drama,0,0
145000000,102,7.675,9875,73.0311,6,2014.0,Medium,Fantasy,1,1
50000000,101,5.867,1494,4.0126,4,1996.0,Low,Action,1,0
0,95,6.1,14,4.0678,1,2015.0,Ultra_Low,Romance,0,0
8200000,174,7.73,3387,7.0991,4,1965.0,Low,Drama,1,1
50000000,120,5.576,3514,5.3311,4,2019.0,Low,Fantasy,1,0
3500000,111,6.1,175,4.1076,4,2024.0,Low,Thriller,0,0
3000000,103,7.386,1719,3.6218,2,1992.0,Low,Horror,1,0
21000000,102,6.307,2029,3.6833,1,2018.0,Low,Comedy,1,1
0,94,6.515,33,2.5186,2,1988.0,Ultra_Low,Horror,0,0
0,96,5.8,14,4.2308,3,2025.0,Ultra_Low,Drama,1,0
0,48,6.25,4,2.5147,1,2024.0,Ultra_Low,Drama,0,0
60000000,103,6.556,3391,5.6303,3,2020.0,Medium,Action,1,0
0,86,6.2,235,3.0541,1,2001.0,Ultra_Low,Drama,0,1
15000000,114,6.818,992,5.6874,3,2021.0,Low,Drama,1,0
2200000,91,6.124,1394,4.7981,2,1984.0,Low,Horror,1,1
0,81,2.333,3,7.2092,1,1976.0,Ultra_Low,Comedy,1,0
0,139,6.65,1106,3.3836,1,2021.0,Ultra_Low,Western,1,0
0,90,6.9,268,2.7634,4,2023.0,Ultra_Low,Animation,1,0
80000000,144,8.042,179,37.6656,3,2025.0,Medium,Animation,0,1
1000000,103,6.349,1109,8.3296,2,2024.0,Ultra_Low,Horror,1,1
0,91,6.635,731,3.4756,4,2007.0,Ultra_Low,Thriller,1,0
0,130,6.1,170,5.4214,3,2024.0,Ultra_Low,Fantasy,0,1
0,80,0.0,0,1.1034,3,2019.0,Ultra_Low,Comedy,1,0
0,78,3.5,2,0.9865,0,2017.0,Ultra_Low,Unknown,1,0
6042800,110,7.615,349,4.7381,4,2022.0,Low,Science Fiction,0,0
0,115,6.946,129,4.6247,1,2024.0,Ultra_Low,Drama,1,0
95000000,162,7.428,13941,11.5234,3,2019.0,Medium,Comedy,1,1
0,101,6.4,160,3.6036,2,2024.0,Ultra_Low,Romance,1,0
10000000,99,6.633,2178,5.3933,2,2022.0,Low,Horror,1,0
0,106,5.9,120,4.5226,1,2022.0,Ultra_Low,Drama,0,0
38504400,118,5.9,135,2.5417,3,2021.0,Low,Action,0,0
0,118,6.743,140,8.2934,2,2024.0,Ultra_Low,Drama,0,0
0,78,0.0,0,1.0513,1,2015.0,Ultra_Low,Drama,1,0
300,67,10.0,1,1.285,1,2016.0,Ultra_Low,Documentary,0,0
0,6,6.823,99,5.7631,4,2011.0,Ultra_Low,Animation,1,0
0,93,5.427,41,2.6164,1,2001.0,Ultra_Low,Drama,1,0
0,103,4.25,8,9.8324,3,2024.0,Ultra_Low,Horror,1,0
0,75,5.9,44,2.9149,1,2023.0,Ultra_Low,Western,1,0
50000000,100,5.803,2333,4.2642,5,2005.0,Low,Comedy,1,0
3000000,106,6.283,254,2.1595,1,2017.0,Low,Drama,0,0
380000,155,7.7,42,4.1146,2,2024.0,Ultra_Low,Romance,0,1
30000000,107,6.188,2618,4.8772,4,2018.0,Low,Action,1,0
0,92,6.7,37,4.2735,1,1982.0,Ultra_Low,Comedy,0,0
0,92,7.48,245,2.6546,1,2024.0,Ultra_Low,Drama,0,1
0,69,0.0,0,0.8712,1,2024.0,Ultra_Low,Drama,1,0
0,91,0.0,0,1.1494,0,2016.0,Ultra_Low,Unknown,1,0
0,111,6.617,359,2.5695,3,2021.0,Ultra_Low,Horror,1,1
0,98,5.0,840,2.5438,5,2018.0,Ultra_Low,Family,1,1
2800000,131,8.06,4075,9.6754,3,2003.0,Low,Crime,0,1
0,98,6.259,29,4.8646,2,2005.0,Ultra_Low,Romance,0,0
10000000,95,6.314,2121,3.9151,2,1999.0,Low,Comedy,1,1
50000000,119,7.074,2972,3.4797,3,2004.0,Low,Adventure,1,0
0,90,7.8,2275,2.7854,5,2016.0,Ultra_Low,Crime,1,0
0,91,5.2,4,0.9345,2,2024.0,Ultra_Low,Drama,1,0
0,98,5.5,167,2.3201,4,1975.0,Ultra_Low,Drama,0,0
0,61,5.3,11,9.6946,2,2024.0,Ultra_Low,Drama,0,0
3000000,116,8.218,1496,3.5994,3,1957.0,Low,Drama,1,0
35000000,127,6.539,723,3.8847,3,1982.0,Low,Comedy,1,0
0,90,6.113,97,2.3917,3,1998.0,Ultra_Low,Action,0,1
0,94,6.14,873,2.472,3,2019.0,Ultra_Low,Drama,1,0
2479000,128,8.161,5943,6.7011,3,1958.0,Low,Mystery,1,0
0,112,7.995,2421,6.4136,4,2019.0,Ultra_Low,Animation,0,1
16000000,100,7.041,1034,2.6528,3,1989.0,Low,Romance,1,0
0,91,0.0,0,1.1595,1,1958.0,Ultra_Low,Drama,0,0
14000000,90,6.628,3363,5.6809,3,2020.0,Low,Action,1,0
0,22,6.0,1,2.3726,1,2024.0,Ultra_Low,Documentary,1,0
7000000,120,7.385,1550,2.708,2,1993.0,Low,Drama,1,1
11500000,102,6.627,2236,5.0801,4,1989.0,Low,Horror,1,1
69000000,116,6.093,8211,9.2235,3,2017.0,Medium,Comedy,1,0
10000000,112,6.1,603,3.1055,2,2017.0,Low,Romance,1,0
23000000,105,6.681,3589,3.8297,3,2007.0,Low,Horror,1,0
14000000,134,7.203,644,2.2512,4,1998.0,Low,Crime,1,0
25000000,119,7.552,2664,10.6234,1,2018.0,Low,Drama,1,0
109000000,100,7.539,3812,6.0161,3,2020.0,Medium,Adventure,1,0
90000000,93,7.0,1740,4.725,4,2020.0,Medium,Animation,1,0
0,126,7.7,320,3.5402,3,2017.0,Ultra_Low,Action,0,0
43000000,104,6.156,1167,4.2713,3,2022.0,Low,Action,1,0
0,88,6.448,376,2.3745,1,1972.0,Ultra_Low,Western,1,1
0,223,6.882,68,2.3057,2,1941.0,Ultra_Low,Drama,0,0
0,93,5.393,239,4.1531,1,2003.0,Ultra_Low,Drama,1,1
0,0,6.0,3,2.9574,2,2025.0,Ultra_Low,Comedy,0,0
0,120,7.115,908,4.6395,4,1998.0,Ultra_Low,Adventure,0,0
20000000,115,6.6,228,3.7703,2,2010.0,Low,Action,0,0
0,104,7.0,223,2.884,2,2024.0,Ultra_Low,Drama,1,0
120000000,142,6.58,13627,8.7766,3,2002.0,Medium,Adventure,1,1
0,15,4.6,4,2.7797,2,2021.0,Ultra_Low,Animation,0,0
0,98,6.119,775,3.6515,3,2015.0,Ultra_Low,Horror,0,1
200000000,135,7.373,22616,15.9011,3,2018.0,High,Action,1,1
0,100,7.1,49,3.0619,2,1997.0,Ultra_Low,Animation,0,1
35000000,105,6.001,929,2.4587,2,2005.0,Low,Comedy,1,0
48000000,104,4.464,1353,3.8884,4,1993.0,Low,Adventure,1,0
0,90,5.374,325,39.6717,2,2025.0,Ultra_Low,Horror,1,0
30000000,98,6.415,3307,3.1133,3,2007.0,Low,Thriller,1,0
0,94,7.3,10,6.0423,2,2023.0,Ultra_Low,Drama,0,0
18000000,127,7.489,2382,2.4834,3,1994.0,Low,Comedy,1,0
0,84,5.0,1,32.9694,1,2024.0,Ultra_Low,Drama,0,0
0,68,8.0,206,2.2816,3,2016.0,Ultra_Low,Animation,0,1
0,93,5.258,122,2.5437,2,2007.0,Ultra_Low,Romance,0,0
150000000,100,7.075,2485,91.1579,4,2024.0,Medium,Animation,1,1
0,84,6.1,275,3.3156,3,2017.0,Ultra_Low,Animation,1,0
0,21,5.0,1,1.0493,2,2016.0,Ultra_Low,Comedy,0,0
0,96,0.0,0,0.8281,2,2024.0,Ultra_Low,Horror,1,0
30000000,136,7.875,14283,9.1787,3,2004.0,Low,Action,1,1
84000000,105,7.877,9647,8.8246,1,2017.0,Medium,Drama,1,1
0,60,10.0,1,1.3542,1,2015.0,Ultra_Low,Documentary,1,0
0,86,0.0,0,1.3954,0,2004.0,Ultra_Low,Unknown,0,0
0,136,6.7,1049,2.7847,4,2023.0,Ultra_Low,Crime,1,0
0,140,8.7,13,3.6753,1,2017.0,Ultra_Low,Documentary,1,0
3750,83,4.0,2,1.014,2,2018.0,Ultra_Low,Crime,1,0
0,113,7.0,142,3.0899,4,2008.0,Ultra_Low,Action,0,1
0,77,3.4,7,1.2993,1,2022.0,Ultra_Low,Thriller,1,0
20000000,121,7.896,183,5.0155,1,2023.0,Low,Drama,1,0
0,93,7.0,6,101.6234,3,2025.0,Ultra_Low,Animation,1,0
12500000,140,7.9,1868,3.2226,2,2000.0,Low,Drama,1,0
50000000,104,5.567,1211,4.2766,3,2005.0,Low,Comedy,1,0
0,95,8.3,25,95.2883,5,2025.0,Ultra_Low,Animation,1,0
49000000,121,6.116,500,4.1405,4,2019.0,Low,Action,0,0
3500000,116,7.211,1187,3.1241,2,1978.0,Low,Science Fiction,1,1
15000000,128,7.211,4285,12.4534,3,1998.0,Low,Comedy,1,1
0,142,8.232,1612,6.2465,2,1985.0,Ultra_Low,Drama,0,1
0,70,7.333,6,32.2775,1,2025.0,Ultra_Low,Drama,0,0
0,95,6.7,108,2.8262,2,2004.0,Ultra_Low,Drama,0,0
0,157,7.1,28,2.1062,3,1967.0,Ultra_Low,Drama,0,0
6000000,103,7.2,310,2.7065,4,1984.0,Low,Science Fiction,0,0
4500000,105,7.204,986,5.7915,3,1996.0,Low,Drama,1,0
2200000,115,7.8,5,8.3105,8,2025.0,Low,Animation,0,0
0,99,7.489,176,2.3097,2,2013.0,Ultra_Low,Animation,0,0
0,96,5.4,11,2.539,1,1999.0,Ultra_Low,Drama,0,0
45000000,131,7.425,2578,2.6753,1,2019.0,Low,Drama,1,0
95000000,105,6.826,7172,15.9908,4,2015.0,Medium,Romance,1,1
55000000,105,6.694,8138,19.7886,2,2018.0,Medium,Drama,1,1
50100000,105,6.874,7976,5.1009,3,2015.0,Medium,Romance,1,0
9000000,86,5.779,769,2.8879,5,2006.0,Low,Horror,1,0
400000,95,6.779,1961,4.0019,1,2004.0,Ultra_Low,Comedy,1,1
1800000,96,4.556,27,1.6107,1,1992.0,Low,Horror,1,0
0,100,6.2,53,2.4504,5,1985.0,Ultra_Low,Animation,0,0
0,78,6.8,5,4.468,1,1998.0,Ultra_Low,Comedy,1,0
22000000,94,6.323,996,3.2288,2,2012.0,Low,Comedy,1,1
0,131,7.9,17,3.1429,2,2024.0,Ultra_Low,Drama,0,1
0,89,6.25,20,1.58,2,1973.0,Ultra_Low,Horror,1,0
3200000,97,6.647,945,3.8425,3,2022.0,Low,Horror,0,0
150000000,101,8.108,10808,11.3557,4,2020.0,Medium,Animation,1,0
500000,94,6.221,1636,3.0252,3,2010.0,Ultra_Low,Drama,1,1
0,0,0.0,0,4.5016,2,2027.0,Ultra_Low,Comedy,1,0
14750000,96,7.001,344,10.3926,5,2024.0,Low,Thriller,0,0
62000000,113,6.534,738,2.5388,3,1995.0,Medium,Comedy,1,0
10000000,107,6.217,3039,5.3556,3,1985.0,Low,Action,1,1
15000000,101,6.785,1922,4.3597,3,1996.0,Low,Horror,1,0
0,99,7.489,3010,5.0542,1,1977.0,Ultra_Low,Horror,0,1
0,60,2.0,1,3.6853,0,1997.0,Ultra_Low,Unknown,0,0
0,151,6.667,3,3.1547,2,2025.0,Ultra_Low,Comedy,0,0
80000000,126,6.937,6707,8.5081,2,1992.0,Medium,Action,1,1
102000000,172,6.886,7205,5.4874,2,2012.0,Medium,Drama,1,0
36000000,98,7.167,4547,10.2905,3,1996.0,Low,Comedy,1,0
0,91,6.251,487,4.3992,3,2022.0,Ultra_Low,Horror,1,0
0,129,7.0,96,1.609,4,1939.0,Ultra_Low,Adventure,1,0
0,106,7.3,131,2.6856,1,1994.0,Ultra_Low,Comedy,0,0
0,84,6.045,22,18.131,1,2024.0,Ultra_Low,Horror,0,0
29000000,105,6.827,1983,4.4803,2,1991.0,Low,Action,1,0
8500000,89,4.8,353,2.3601,3,2022.0,Low,Horror,1,0
22000000,195,8.564,16485,14.575,3,1993.0,Low,Drama,1,1
0,111,7.2,65,2.2518,3,1974.0,Ultra_Low,Romance,0,0
105000000,98,7.218,5797,13.6414,4,2009.0,Medium,Animation,1,0
30000000,138,7.481,1722,2.7652,2,1993.0,Low,Drama,1,1
0,85,8.396,24,15.9708,1,2025.0,Ultra_Low,Documentary,1,0
0,98,7.783,2085,4.9724,4,2006.0,Ultra_Low,Fantasy,0,1
0,111,6.9,235,3.1859,2,2002.0,Ultra_Low,Action,0,1
18000000,100,4.516,771,2.7151,2,2005.0,Low,Horror,1,0
1020000,88,7.63,833,2.5053,2,1944.0,Low,Drama,1,0
1200000,85,7.1,733,3.1286,2,2000.0,Low,Comedy,1,0
0,61,10.0,1,2.5219,1,2020.0,Ultra_Low,Drama,0,0
0,93,5.5,6,2.0421,1,1969.0,Ultra_Low,Comedy,1,0
25000000,90,6.89,1288,2.9327,5,2011.0,Low,Adventure,0,0
0,96,6.167,159,3.578,3,2022.0,Ultra_Low,Action,1,0
45000000,93,6.077,4918,5.5942,5,2008.0,Low,Action,1,0
7520000,76,6.442,207,2.4372,3,1986.0,Low,Adventure,0,0
0,116,0.0,0,1.2327,2,2019.0,Ultra_Low,Drama,1,0
0,118,7.4,745,2.7639,2,2006.0,Ultra_Low,Drama,1,1
0,134,7.8,105,8.3792,4,2024.0,Ultra_Low,Action,0,1
10000000,81,6.372,691,2.5136,2,2002.0,Low,Comedy,1,0
65000000,93,6.476,1895,5.298,3,2023.0,Medium,Comedy,1,0
8500000,120,7.3,139,2.3617,4,2008.0,Low,Action,0,0
0,80,5.869,80,2.6428,3,2024.0,Ultra_Low,Horror,1,0
0,16,8.0,7,4.2367,3,2018.0,Ultra_Low,Horror,1,0
0,104,6.2,285,3.1467,1,2013.0,Ultra_Low,Action,0,1
0,129,8.385,4143,9.5056,3,2016.0,Ultra_Low,Animation,0,1
250000000,152,5.981,18321,15.7389,3,2016.0,High,Action,1,1
6500000,96,5.667,447,2.6199,4,1992.0,Low,Family,1,1
9000000,117,7.457,1732,2.969,3,1991.0,Low,Comedy,1,0
16000000,92,7.157,3681,4.0505,3,2007.0,Low,Adventure,1,0
3000,53,3.0,5,0.896,1,2025.0,Ultra_Low,Horror,1,0
140000000,124,7.003,21906,8.7547,3,2011.0,Medium,Action,1,0
0,91,4.78,1348,5.1538,3,2011.0,Ultra_Low,Drama,1,1
0,17,6.871,476,2.5197,2,2023.0,Ultra_Low,Comedy,1,0
0,99,6.1,127,2.4248,2,2023.0,Ultra_Low,Romance,1,0
6000000,99,6.565,1352,2.3954,4,1998.0,Low,Comedy,1,1
13000000,90,5.879,1644,4.691,2,1991.0,Low,Horror,1,0
0,88,0.0,0,40.4889,1,1985.0,Ultra_Low,Drama,1,0
0,50,6.233,30,2.4342,2,1992.0,Ultra_Low,Action,0,0
50000000,80,5.725,4087,8.3615,2,2004.0,Low,Comedy,1,1
100000000,128,6.217,4828,7.3127,2,2018.0,Medium,Adventure,1,0
8000000,134,7.3,125,2.5065,2,1993.0,Low,Drama,0,0
0,41,6.812,571,4.5728,3,1989.0,Ultra_Low,Animation,0,1
40000000,100,6.0,2761,6.2311,1,2015.0,Low,Comedy,1,0
0,96,4.9,88,3.1293,3,1975.0,Ultra_Low,Drama,0,0
0,96,6.4,357,2.3087,1,2020.0,Ultra_Low,Horror,0,1
0,84,8.333,3,37.8045,3,2024.0,Ultra_Low,Drama,0,0
23000000,110,6.637,608,2.6089,4,2007.0,Low,Drama,1,0
0,84,0.0,0,1.1908,0,2017.0,Ultra_Low,Unknown,1,0
0,94,7.727,666,3.7657,4,1993.0,Ultra_Low,Fantasy,0,0
0,99,7.183,104,2.3318,3,1993.0,Ultra_Low,Action,0,0
40000000,91,6.095,441,3.7305,4,2017.0,Low,Animation,1,0
0,78,5.3,6,1.0157,1,2017.0,Ultra_Low,Drama,1,0
4000000,113,7.668,1428,4.1787,3,1963.0,Low,Comedy,1,1
0,94,6.1,73,4.0405,1,2024.0,Ultra_Low,Drama,1,1
0,90,4.417,6,3.0978,1,2025.0,Ultra_Low,Horror,1,0
0,60,6.762,107,2.0627,5,2007.0,Ultra_Low,Animation,0,0
0,108,7.119,892,2.5532,3,2016.0,Ultra_Low,War,1,0
0,156,7.426,237,4.979,4,2018.0,Ultra_Low,Action,0,0
0,89,5.303,76,8.7333,2,2024.0,Ultra_Low,Horror,1,0
0,106,5.8,180,2.7329,3,2023.0,Ultra_Low,Romance,1,0
22000000,125,5.955,101,2.5867,2,2010.0,Low,Drama,0,0
0,105,6.983,151,2.3673,3,1987.0,Ultra_Low,Action,0,0
0,91,7.0,428,4.9532,3,2023.0,Ultra_Low,Romance,1,1
200000000,115,6.065,6642,7.1976,3,2009.0,High,Action,1,0
30000000,92,5.794,600,3.8427,1,2012.0,Low,Comedy,1,0
0,95,5.3,33,2.2483,2,1975.0,Ultra_Low,Fantasy,0,0
0,79,0.0,0,1.2161,1,2015.0,Ultra_Low,Horror,1,0
130000,80,0.0,0,1.138,3,2020.0,Ultra_Low,Comedy,1,0
4000000,98,6.922,573,10.5364,3,2024.0,Low,Crime,1,0
0,123,7.604,359,3.2036,3,1994.0,Ultra_Low,Comedy,0,1
11000000,102,6.6,569,2.4695,3,1980.0,Low,Crime,1,0
30000000,82,6.488,2186,7.0305,2,1994.0,Low,Comedy,1,1
15000000,103,6.723,1407,3.0584,3,2006.0,Low,Fantasy,1,0
11900000,143,6.3,22,3.0432,3,2024.0,Low,Action,0,0
3400000,90,6.613,1534,3.9357,2,2009.0,Low,Horror,1,1
200000000,128,7.593,7378,44.6445,3,2024.0,High,Action,1,1
0,0,6.0,2,0.9038,1,1984.0,Ultra_Low,Drama,0,0
0,64,7.7,284,2.6707,5,2016.0,Ultra_Low,Animation,0,1
0,102,6.3,14,2.2448,2,1992.0,Ultra_Low,Action,0,0
30000000,107,7.228,423,2.9035,2,2023.0,Low,Comedy,1,0
0,103,6.419,455,4.1338,1,2023.0,Ultra_Low,Comedy,1,0
0,123,5.0,142,6.0546,2,2024.0,Ultra_Low,Drama,1,0
0,88,6.083,463,5.0771,2,2014.0,Ultra_Low,Thriller,1,1
0,95,4.3,56,2.4736,2,1987.0,Ultra_Low,Horror,1,0
6244087,145,7.6,1243,3.0842,1,1969.0,Low,Western,1,0
5700000,116,6.815,1055,2.4174,3,2017.0,Low,Drama,0,0
13360000,125,6.898,2101,2.6881,3,2015.0,Low,Comedy,0,0
0,110,6.75,8,6.6398,2,2025.0,Ultra_Low,Romance,1,0
5000000,121,7.5,871,2.1694,1,2007.0,Low,Drama,1,0
12000000,157,7.4,164,1.9555,3,2022.0,Low,Crime,0,0
0,97,5.4,32,1.977,1,2024.0,Ultra_Low,Comedy,1,1
0,133,8.083,12,3.129,3,2024.0,Ultra_Low,Animation,0,0
35000000,126,7.234,8087,7.9257,3,1989.0,Low,Fantasy,1,1
0,82,5.0,1,1.21,1,2013.0,Ultra_Low,Documentary,1,0
0,90,7.594,203,2.6389,3,2016.0,Ultra_Low,Fantasy,0,1
3500000,94,7.203,3028,7.8392,3,2002.0,Low,Drama,0,0
0,88,6.429,98,2.739,3,1966.0,Ultra_Low,Action,0,0
5500000,112,7.4,206,5.0577,2,2022.0,Low,Action,0,1
0,111,6.588,182,32.9579,4,2025.0,Ultra_Low,Action,0,0
2500000,96,5.576,295,2.3733,2,1999.0,Low,Fantasy,1,0
0,95,6.2,364,2.2372,3,1992.0,Ultra_Low,Comedy,0,0
0,53,3.0,1,2.0281,4,1935.0,Ultra_Low,Western,1,0
130000000,117,7.07,20131,9.0188,3,2015.0,Medium,Science Fiction,1,1
500,92,5.6,22,1.5845,2,2010.0,Ultra_Low,Drama,1,0
3500000,75,6.7,660,2.4465,3,2007.0,Low,Action,1,0
0,25,7.0,3,0.8713,2,2017.0,Ultra_Low,Horror,1,0
0,99,0.0,0,0.9887,1,2013.0,Ultra_Low,Comedy,1,0
5000000,89,7.383,2881,3.4753,2,2010.0,Low,Comedy,1,0
70000000,242,8.117,10261,13.1431,3,2021.0,Medium,Action,1,0
0,61,7.874,143,2.6856,2,2013.0,Ultra_Low,Animation,1,0
0,126,7.4,65,3.1077,1,2022.0,Ultra_Low,Drama,0,0
47000000,96,5.995,2508,4.0019,3,1996.0,Low,Comedy,1,0
0,91,6.533,60,2.8846,2,1998.0,Ultra_Low,Animation,0,1
0,7,7.0,671,3.2158,3,2011.0,Ultra_Low,Animation,1,0
0,67,4.565,23,1.0917,1,2024.0,Ultra_Low,Comedy,1,0
3500000,76,7.734,1639,3.4547,4,2012.0,Low,Science Fiction,1,0
0,130,3.3,3,1.3897,2,2019.0,Ultra_Low,Horror,1,0
0,99,7.5,185,3.3544,4,2001.0,Ultra_Low,Action,0,1
38000000,94,5.16,1596,3.6888,3,2015.0,Low,Action,1,0
14390509,168,7.455,1482,3.1694,3,1988.0,Low,Romance,0,0
0,111,7.225,40,3.769,1,2025.0,Ultra_Low,Drama,1,1
35000000,94,5.992,256,2.5237,2,2001.0,Low,Western,1,0
25000000,85,6.957,1419,3.9182,4,2015.0,Low,Family,1,1
0,74,6.025,1193,3.91,4,2003.0,Ultra_Low,Family,1,0
22700000,115,7.891,1207,7.8396,3,2023.0,Low,Action,0,0
1752000,110,8.293,2695,3.7213,1,1950.0,Low,Drama,1,0
200000,99,7.832,4418,6.9586,1,1964.0,Ultra_Low,Western,0,1
31000000,156,7.789,3590,6.9207,1,1992.0,Low,Drama,1,1
40000000,0,0.0,0,2.7744,3,2025.0,Low,Horror,0,0
9000000,100,5.7,181,3.4258,2,1984.0,Low,Comedy,1,0
0,139,9.0,4,3.7735,2,2025.0,Ultra_Low,Action,0,0
0,140,3.6,24,1.9372,3,2011.0,Ultra_Low,Adventure,1,0
50000000,118,6.7,996,3.0535,1,2000.0,Low,Comedy,1,0
0,90,5.2,114,3.3984,3,2022.0,Ultra_Low,Thriller,1,0
0,106,6.8,99,2.2412,2,2007.0,Ultra_Low,Drama,0,0
0,104,7.32,25,3.219,3,2018.0,Ultra_Low,Animation,0,1
10000000,89,6.914,274,3.3371,3,2015.0,Low,Fantasy,0,1
0,97,7.029,296,2.4864,3,2022.0,Ultra_Low,Animation,1,0
15000000,107,7.105,1554,3.8912,2,1989.0,Low,Drama,1,1
0,112,6.969,97,6.3956,3,2024.0,Ultra_Low,Horror,0,1
30000000,98,5.824,2363,5.2486,2,2000.0,Low,Crime,1,1
0,97,5.367,252,2.3437,1,2015.0,Ultra_Low,Fantasy,1,0
0,92,0.0,0,1.3987,3,1994.0,Ultra_Low,TV Movie,1,0
0,92,6.8,135,3.6936,3,1994.0,Ultra_Low,Drama,0,0
0,84,4.0,1,1.171,2,2017.0,Ultra_Low,Thriller,1,0
0,117,6.318,340,4.4157,2,2022.0,Ultra_Low,Comedy,1,0
130000000,144,6.992,4516,15.5512,5,2005.0,Medium,Drama,1,0
13000000,113,7.579,7739,8.0471,2,2004.0,Low,Science Fiction,1,1
0,104,6.125,16,2.324,1,2017.0,Ultra_Low,Drama,1,0
0,0,4.0,1,3.0797,1,2020.0,Ultra_Low,Drama,0,0
0,90,6.151,1207,2.6475,2,2020.0,Ultra_Low,Comedy,1,0
125000000,102,6.318,5099,4.3312,3,2018.0,Medium,Action,1,0
0,97,5.0,1,2.7413,0,2023.0,Ultra_Low,Unknown,0,0
0,112,7.0,5,5.402,2,2025.0,Ultra_Low,Romance,0,0
16000000,96,7.404,4233,4.3108,3,1989.0,Low,Comedy,1,1
55000000,110,6.421,2597,3.6546,4,2000.0,Medium,Adventure,1,0
0,100,4.9,9,1.4744,2,2019.0,Ultra_Low,Horror,0,0
600,25,6.3,3,1.2154,2,2017.0,Ultra_Low,Horror,1,0
0,102,5.544,2263,4.0571,3,2019.0,Ultra_Low,Horror,1,0
0,121,6.1,12,2.7469,3,2017.0,Ultra_Low,Comedy,0,0
3000000,98,6.545,165,2.4213,2,2006.0,Low,Romance,1,0
0,85,3.913,63,3.7619,3,2018.0,Ultra_Low,Horror,1,0
0,108,5.1,579,3.2292,3,2021.0,Ultra_Low,Action,1,0
18000000,108,6.328,4616,6.17,3,2021.0,Low,Thriller,1,1
38000000,119,6.327,4187,5.049,3,2013.0,Low,Science Fiction,1,0
0,118,7.193,246,2.4856,2,1999.0,Ultra_Low,Fantasy,0,0
0,75,7.5,50,5.6771,3,2023.0,Ultra_Low,Animation,0,1
209000000,131,5.864,5638,8.9573,4,2012.0,High,Thriller,1,0
0,96,7.291,721,4.6714,3,2021.0,Ultra_Low,Animation,1,0
0,91,5.1,5,3.0293,3,1992.0,Ultra_Low,Comedy,0,0
20000,81,10.0,1,1.2826,2,2020.0,Ultra_Low,Comedy,1,0
0,91,6.221,411,4.5341,1,2023.0,Ultra_Low,Drama,1,1
130000000,146,7.426,17721,9.7632,3,2013.0,Medium,Adventure,1,1
0,109,6.798,47,6.9953,3,2025.0,Ultra_Low,Comedy,0,0
0,90,6.4,73,3.334,2,2024.0,Ultra_Low,Horror,1,0
45000000,103,6.7,1606,3.0735,2,2011.0,Low,Family,1,1
50000000,124,6.038,1037,5.8532,2,1997.0,Low,Action,1,0
4900000,81,6.361,3940,4.8733,1,2016.0,Low,Horror,1,1
6000000,75,6.944,5254,8.4905,4,1959.0,Low,Fantasy,1,1
45000000,113,6.0,886,2.6394,3,2004.0,Low,Action,1,0
2500000,128,7.227,44,3.7433,3,2024.0,Low,Crime,0,0
0,75,6.783,523,3.9478,3,2008.0,Ultra_Low,Animation,1,0
25000000,95,5.507,1519,5.2686,3,2015.0,Low,Action,1,0
65000000,103,6.366,2227,4.3018,3,2016.0,Medium,Adventure,1,0
25000000,129,6.996,1561,3.0449,3,2005.0,Low,Drama,1,0
0,86,7.2,215,2.8258,2,2004.0,Ultra_Low,Family,1,0
15000000,104,6.992,8171,6.3003,4,2016.0,Low,Thriller,1,1
30000000,107,7.199,1726,5.3563,3,2022.0,Low,Fantasy,1,0
0,96,7.5,16,2.7986,1,2023.0,Ultra_Low,Documentary,0,0
30000000,108,6.0,1081,3.0931,2,2011.0,Low,Action,1,1
0,74,4.0,2,1.3988,1,2019.0,Ultra_Low,Documentary,1,0
0,56,5.409,22,5.3468,2,2013.0,Ultra_Low,Animation,0,0
40000000,122,6.593,3619,7.0083,2,2019.0,Low,Action,1,1
90000000,138,7.548,1562,197.5341,3,2025.0,Medium,Horror,1,1
8500000,100,6.769,4394,5.2939,2,2015.0,Low,Romance,1,1
0,89,5.3,3,1.6302,1,2018.0,Ultra_Low,Thriller,1,0
0,104,6.6,565,2.5826,1,2021.0,Ultra_Low,Drama,1,0
0,107,6.429,7,2.277,1,2025.0,Ultra_Low,Horror,0,0
0,91,7.069,29,2.1987,4,1989.0,Ultra_Low,Action,0,0
30000000,122,7.412,8937,8.764,3,2015.0,Low,Action,1,0
0,91,5.772,81,3.5743,3,2024.0,Ultra_Low,Horror,1,0
40000000,102,5.999,2020,2.793,3,2021.0,Low,Crime,1,0
0,99,6.5,196,4.9019,3,2024.0,Ultra_Low,Crime,1,1
0,119,7.058,224,16.2964,1,2024.0,Ultra_Low,Drama,0,1
0,90,6.7,23,3.0127,3,2024.0,Ultra_Low,Animation,0,1
7700000,154,7.6,365,3.5256,3,2011.0,Low,Drama,0,1
20000000,108,6.366,1808,4.9227,3,1998.0,Low,Mystery,1,0
0,100,5.682,11,1.377,3,2019.0,Ultra_Low,Drama,0,0
20000000,102,6.533,996,2.8533,3,2008.0,Low,Drama,1,0
0,83,7.5,2,1.0989,0,2018.0,Ultra_Low,Unknown,0,0
30000000,102,6.96,226,17.3502,2,2025.0,Low,Adventure,1,0
0,9,8.28,393,3.7945,4,2023.0,Ultra_Low,Animation,1,0
50000000,107,5.756,1121,2.7049,3,1996.0,Low,Thriller,1,0
0,35,5.769,26,2.7171,2,2004.0,Ultra_Low,Drama,0,0
0,102,5.236,682,3.2033,2,2020.0,Ultra_Low,Comedy,0,0
0,103,6.0,3,6.5749,1,2025.0,Ultra_Low,Comedy,0,0
0,187,7.4,410,3.1994,3,2003.0,Ultra_Low,Comedy,0,1
22000000,115,6.7,521,3.0798,2,2022.0,Low,Comedy,1,0
15000000,180,7.0,1159,3.0262,5,2006.0,Low,Horror,1,0
0,99,6.03,1483,2.9107,4,2017.0,Ultra_Low,Science Fiction,1,1
0,0,0.0,0,2.4466,2,2014.0,Ultra_Low,Drama,0,0
0,87,7.15,1376,14.0496,3,2016.0,Ultra_Low,Action,1,1
0,120,7.1,38,2.5762,3,2017.0,Ultra_Low,Family,0,1
0,105,6.699,347,2.6291,2,2015.0,Ultra_Low,Drama,0,0
21000000,123,7.925,2307,4.8548,2,2007.0,Low,Crime,1,0
6000000,123,7.422,2205,3.1664,1,2006.0,Low,Drama,1,1
0,112,7.367,3242,16.1675,3,2022.0,Ultra_Low,Romance,0,0
35000000,109,6.653,2437,3.7931,3,2017.0,Low,Drama,1,0
50000000,130,7.44,2070,2.8073,3,2003.0,Low,Drama,1,0
0,85,8.0,1,11.8602,1,2012.0,Ultra_Low,Drama,0,0
29000000,131,6.8,373,2.98,2,2011.0,Low,Action,0,0
0,100,7.9,1443,4.9987,3,1994.0,Ultra_Low,Drama,0,1
75000000,138,7.069,8641,10.3644,2,2021.0,Medium,Comedy,1,0
0,91,7.168,95,2.4831,3,1997.0,Ultra_Low,Animation,0,0
0,82,5.644,587,3.5887,1,2013.0,Ultra_Low,Horror,1,0
5000000,108,6.691,3297,3.0348,3,2015.0,Low,Thriller,1,1
10500000,90,6.2,575,2.5334,4,2012.0,Low,Animation,0,0
0,61,7.1,8,3.5872,3,2025.0,Ultra_Low,Animation,1,0
50000000,126,7.756,3142,13.7818,2,2022.0,Low,Comedy,1,0
0,103,5.3,136,2.8258,3,2021.0,Ultra_Low,Drama,1,1
0,99,5.662,281,3.065,3,2023.0,Ultra_Low,Drama,0,0
4000000,116,6.8,327,3.0982,3,2006.0,Low,Drama,0,0
19000000,144,8.212,17988,11.4687,2,1980.0,Low,Horror,1,0
0,54,7.927,663,4.0784,4,2021.0,Ultra_Low,Animation,0,0
33000000,97,7.047,5201,12.5414,3,1998.0,Low,Action,1,1
10000000,119,5.9,82,2.623,2,1976.0,Low,Action,0,0
26000000,85,6.596,2256,5.9376,3,1991.0,Low,Action,1,1
0,95,0.0,0,1.1756,3,2019.0,Ultra_Low,Drama,1,0
6000000,99,7.538,8743,6.7757,2,2004.0,Low,Horror,1,1
100000000,94,7.042,2812,40.0282,4,2024.0,Medium,Family,1,1
6000000,91,6.138,3224,4.7694,2,2019.0,Low,Horror,1,1
0,170,6.819,58,1.5637,2,2020.0,Ultra_Low,Thriller,0,0
0,92,6.088,17,17.3214,3,2025.0,Ultra_Low,Action,0,1
70000000,127,7.711,2706,46.7547,3,2025.0,Medium,Romance,1,0
5700000,110,7.45,1280,3.0045,3,2009.0,Low,Action,0,1
0,117,7.106,90,2.0209,1,2001.0,Ultra_Low,Drama,0,0
120000000,115,6.953,12065,8.3494,2,2004.0,Medium,Action,1,0
0,81,6.4,5,2.4832,1,2017.0,Ultra_Low,Romance,0,0
22000000,121,7.4,582,2.7357,3,1977.0,Low,Thriller,1,0
0,121,7.1,48,2.1112,1,2008.0,Ultra_Low,Drama,0,0
40000000,135,6.837,566,3.0154,2,2005.0,Low,Drama,1,0
48000000,84,5.965,4198,7.0132,1,2003.0,Low,Comedy,1,1
0,91,7.007,207,4.328,4,2023.0,Ultra_Low,Horror,0,1
50000000,124,7.433,2215,12.1338,5,2023.0,Low,Animation,0,1
30000000,129,7.655,3536,5.2198,4,1996.0,Low,Crime,1,1
250000000,144,7.325,14645,17.9959,3,2014.0,High,Action,1,1
0,112,6.6,108,3.2286,4,2017.0,Ultra_Low,Animation,0,1
5000000,119,7.7,288,2.7008,1,2019.0,Low,Drama,1,1
3200000,123,7.799,1198,7.7168,1,1962.0,Low,Western,1,0
7700000,160,7.3,272,2.8132,2,2013.0,Low,Romance,0,1
15000000,87,5.7,1063,2.4319,2,2006.0,Low,Horror,1,1
0,0,5.962,13,2.7195,2,1996.0,Ultra_Low,Drama,0,0
1500000,115,7.855,384,3.0986,1,1985.0,Low,Comedy,0,0
5000000,90,6.028,632,3.4369,2,1997.0,Low,Horror,1,0
8000000,93,6.8,7039,5.0539,1,2010.0,Low,Comedy,1,1
60000000,123,6.929,560,334.9235,2,2025.0,Medium,Thriller,1,0
0,109,7.5,158,6.1727,2,2024.0,Ultra_Low,Drama,1,0
40000000,110,5.994,1808,4.0098,3,2012.0,Low,Romance,1,0
150000000,138,7.058,11291,10.3564,4,2003.0,Medium,Adventure,1,1
0,0,7.0,1,2.8893,2,2023.0,Ultra_Low,Drama,0,0
82000000,119,5.548,217,3.0537,4,2014.0,Medium,Action,0,0
15000000,96,6.934,3292,10.3134,2,2023.0,Low,Horror,1,1
36000000,120,0.0,0,20.1309,3,2025.0,Low,Action,1,0
3000000,124,5.2,71,5.1413,3,1968.0,Low,Adventure,1,0
0,105,7.207,902,12.588,2,2024.0,Ultra_Low,Romance,1,0
0,130,10.0,1,1.0981,3,2017.0,Ultra_Low,Action,0,0
0,97,8.1,94,2.7096,2,2024.0,Ultra_Low,Documentary,0,0
0,96,5.8,302,2.2639,2,2004.0,Ultra_Low,Drama,1,0
50000000,115,6.893,4649,7.55,4,2017.0,Low,Action,1,0
0,134,0.0,0,3.1546,2,2014.0,Ultra_Low,Drama,0,0
0,93,7.0,124,2.807,1,1957.0,Ultra_Low,Western,1,0
5000000,124,8.4,4544,5.4702,2,1988.0,Low,Drama,0,0
5000000,105,7.443,855,6.7404,3,2023.0,Low,Romance,1,0
0,75,0.0,0,1.1636,1,2021.0,Ultra_Low,Drama,1,0
40000000,123,6.697,2818,4.2864,2,2006.0,Low,Drama,1,0
0,0,0.0,0,2.4679,5,2025.0,Ultra_Low,Family,1,0
0,115,7.1,1002,2.5192,1,1993.0,Ultra_Low,Drama,1,1
0,134,7.1,44,2.004,1,2014.0,Ultra_Low,Drama,0,0
0,90,6.315,46,8.5915,2,2024.0,Ultra_Low,Horror,0,0
39000000,111,7.406,6074,14.7223,3,2021.0,Low,Horror,1,1
0,91,7.7,354,3.4123,4,2022.0,Ultra_Low,Animation,0,0
8000000,99,5.5,317,2.943,4,1989.0,Low,Action,1,0
25000000,142,8.712,28453,31.6394,2,1994.0,Low,Drama,1,0
5800000,112,7.645,3682,7.4089,4,1968.0,Low,Science Fiction,1,1
0,107,6.5,207,4.3055,6,2006.0,Ultra_Low,Family,0,1
30000000,100,6.035,4539,5.4872,2,2013.0,Low,Drama,1,0
0,128,7.016,63,1.8846,3,2004.0,Ultra_Low,Action,1,0
1000000,124,6.718,85,2.5745,3,2023.0,Ultra_Low,Action,1,0
50000,72,8.0,2,1.1405,4,2018.0,Ultra_Low,Drama,1,0
40000000,116,6.393,2258,3.5854,3,2018.0,Low,Comedy,1,0
2000000,104,7.029,654,1.9315,6,2005.0,Low,Action,1,0
60000000,119,6.21,1876,3.4781,5,2003.0,Medium,Action,1,0
0,84,7.3,130,3.6307,3,2024.0,Ultra_Low,Animation,1,1
0,101,6.8,38,2.6142,4,2023.0,Ultra_Low,Action,0,0
45000000,113,7.118,2708,4.0451,3,2002.0,Low,Comedy,1,1
0,115,0.0,0,1.5035,2,2014.0,Ultra_Low,Crime,1,0
0,104,8.3,6,11.8863,2,2025.0,Ultra_Low,Western,1,0
80000000,97,6.8,2345,3.835,4,2010.0,Medium,Animation,1,0
0,105,7.916,1954,3.9657,2,1949.0,Ultra_Low,Thriller,1,1
6500000,105,6.959,1006,4.8003,3,1980.0,Low,Thriller,1,1
2000000,137,8.0,3820,4.3125,2,2006.0,Low,Drama,0,1
0,76,7.2,371,2.6801,3,1997.0,Ultra_Low,Animation,1,0
0,129,7.125,8,15.9339,3,2024.0,Ultra_Low,Drama,0,0
0,110,8.006,437,2.6891,1,1949.0,Ultra_Low,Drama,0,0
3000000,105,7.678,1137,4.3611,1,2005.0,Low,Drama,1,0
0,86,6.323,269,3.3897,3,2024.0,Ultra_Low,Comedy,1,0
82500000,107,6.297,7183,6.6992,3,2006.0,Medium,Comedy,1,0
0,76,5.843,1241,4.0165,4,2008.0,Ultra_Low,Adventure,1,1
5650000,93,7.057,766,3.6329,3,2013.0,Low,Thriller,0,0
0,75,4.4,7,3.1288,5,2024.0,Ultra_Low,Action,0,0
0,100,6.62,1455,3.073,3,2021.0,Ultra_Low,Science Fiction,0,0
0,85,8.8,2,11.5599,5,2022.0,Ultra_Low,Animation,0,0
245000000,136,7.26,19796,12.0381,3,2015.0,High,Adventure,1,1
19000000,141,7.477,2116,2.8713,3,2006.0,Low,Action,1,1
310607,66,7.795,1224,3.3192,2,1932.0,Ultra_Low,Drama,1,0
45000000,112,6.479,535,4.4138,3,2023.0,Low,Comedy,1,0
20000000,97,4.24,48,2.2219,2,2015.0,Low,Action,1,0
0,126,7.7,320,3.5402,3,2017.0,Ultra_Low,Action,0,0
6000000,109,7.53,3760,3.1245,2,2008.0,Low,Drama,1,1
80000000,134,6.121,1685,3.1633,4,1998.0,Medium,Science Fiction,1,0
26000000,104,5.869,2308,3.8522,2,2010.0,Low,Horror,1,0
0,87,5.0,5,2.2166,1,2024.0,Ultra_Low,Horror,0,0
10700000,114,7.148,3108,4.1892,1,1982.0,Low,Horror,1,1
110000000,117,6.406,4742,6.5148,3,2010.0,Medium,Action,1,0
0,100,6.062,145,5.157,2,2024.0,Ultra_Low,Action,0,0
1300000,92,7.5,693,2.235,3,1974.0,Low,Music,1,0
29000000,146,6.449,207,5.5415,3,2023.0,Low,Action,0,1
0,98,8.1,173,3.1548,4,2019.0,Ultra_Low,Animation,0,1
0,118,5.7,676,2.4366,2,2015.0,Ultra_Low,Drama,1,1
0,113,4.0,1,1.1179,3,2010.0,Ultra_Low,Crime,1,0
12000000,97,5.548,1108,2.6864,3,2006.0,Low,Comedy,1,1
0,121,6.7,161,2.4556,5,2008.0,Ultra_Low,Action,0,0
0,94,3.5,2,2.6149,2,2015.0,Ultra_Low,Drama,0,0
31000000,118,7.253,1849,3.6186,2,2000.0,Low,Science Fiction,1,0
38000000,114,6.9,3170,3.7052,3,2010.0,Low,Comedy,1,0
0,70,0.0,0,1.2327,1,2014.0,Ultra_Low,Drama,1,0
0,100,5.8,12,4.511,2,2023.0,Ultra_Low,Horror,0,1
0,102,7.777,139,2.3964,2,1954.0,Ultra_Low,Drama,0,0
0,112,7.2,178,1.9715,2,1960.0,Ultra_Low,Crime,0,0
44000000,147,7.603,3636,5.521,3,1996.0,Low,Crime,1,1
0,140,8.3,447,4.6311,4,2020.0,Ultra_Low,Animation,0,1
0,88,4.25,4,1.5369,2,2017.0,Ultra_Low,Drama,1,0
25000000,130,6.698,3041,5.813,3,1992.0,Low,Action,1,1
0,100,7.813,16,28.3036,1,2025.0,Ultra_Low,Comedy,0,0
31000000,143,6.955,429,2.3577,2,1995.0,Low,Drama,1,1
1000000,96,7.6,80,2.3165,1,2010.0,Ultra_Low,Drama,0,0
5000000,108,7.6,376,2.6675,1,2018.0,Low,Drama,1,1
0,166,8.7,3,2.3806,3,2017.0,Ultra_Low,Drama,0,1
0,70,3.571,7,1.8027,1,1995.0,Ultra_Low,Horror,0,0
0,92,6.247,591,2.8756,3,2006.0,Ultra_Low,Fantasy,1,0
0,107,7.4,89,2.3039,5,2006.0,Ultra_Low,Animation,0,1
0,81,0.0,0,1.0337,2,2015.0,Ultra_Low,Drama,1,0
10000000,88,4.434,432,2.4739,2,2002.0,Low,Horror,1,0
3000000,92,6.2,580,2.2057,3,1985.0,Low,Comedy,1,1
19000000,101,6.232,1926,2.7452,3,2010.0,Low,Comedy,1,0
26000000,137,7.078,1057,4.718,2,2006.0,Low,Drama,1,0
0,78,0.0,0,2.4776,0,2023.0,Ultra_Low,Unknown,0,0
0,5,5.4,53,4.8625,2,2024.0,Ultra_Low,Animation,1,0
0,106,5.727,33,7.1053,1,2025.0,Ultra_Low,Documentary,0,0
68000000,124,6.702,1722,3.5383,5,2001.0,Medium,Action,1,0
55000000,92,5.631,2132,4.5797,4,1997.0,Medium,Adventure,1,0
15000000,115,6.3,238,2.6554,2,2020.0,Low,Science Fiction,0,0
38000000,98,6.5,1273,3.9199,2,1997.0,Low,Comedy,1,0
25000000,130,6.276,4573,7.1415,3,2013.0,Low,Comedy,1,1
0,111,6.807,722,6.1252,1,2022.0,Ultra_Low,Horror,0,1
0,97,6.778,450,2.8145,3,2022.0,Ultra_Low,Animation,1,0
0,89,6.1,62,2.249,3,1991.0,Ultra_Low,Horror,0,0
0,100,6.5,61,2.0873,6,1995.0,Ultra_Low,Animation,0,0
0,88,6.1,215,3.473,3,2013.0,Ultra_Low,Science Fiction,0,0
0,93,0.0,0,0.9672,3,1989.0,Ultra_Low,Drama,1,0
25000000,97,6.727,757,2.0852,3,1994.0,Low,Romance,1,0
50000000,110,7.218,1035,1179.7021,2,2025.0,Low,Horror,1,1
140000000,117,6.3,3447,6.2321,3,2016.0,Medium,Adventure,1,0
0,123,6.895,408,12.4851,3,2025.0,Ultra_Low,Romance,1,0
150000000,102,7.591,9750,17.4443,4,2021.0,Medium,Animation,1,0
0,20,0.0,0,1.0922,2,2013.0,Ultra_Low,Drama,1,0
0,61,7.9,164,2.1745,4,1993.0,Ultra_Low,Animation,0,1
12000000,88,5.471,1663,5.8936,2,2004.0,Low,Horror,1,0
0,95,7.015,197,4.2911,3,2003.0,Ultra_Low,Action,0,1
46000000,178,7.992,1661,13.813,3,2024.0,Low,Adventure,0,0
15000000,164,6.5,1022,5.2773,2,2024.0,Low,Drama,1,0
10000,97,2.3,3,1.4176,1,2019.0,Ultra_Low,Horror,1,0
0,81,6.0,1,1.4195,1,2017.0,Ultra_Low,Thriller,1,0
0,155,6.2,61,2.4757,3,2019.0,Ultra_Low,Action,0,0
42000000,129,6.488,2344,3.6355,3,2018.0,Low,Crime,1,0
0,103,6.5,276,5.8582,3,2002.0,Ultra_Low,Drama,0,1
10000000,94,6.9,54,30.3148,4,2024.0,Low,Animation,0,0
5027266,117,6.7,843,4.0843,4,2017.0,Low,Drama,0,1
0,60,0.0,0,8.4459,0,1983.0,Ultra_Low,Unknown,1,0
0,121,3.7,3,3.167,1,2024.0,Ultra_Low,Drama,0,0
1500,83,0.0,0,1.1879,2,2014.0,Ultra_Low,Comedy,1,0
0,97,6.484,158,1.9759,2,2022.0,Ultra_Low,Thriller,1,1
5300000,168,6.751,209,2.6672,4,2006.0,Low,Action,0,1
0,145,0.0,0,7.2408,3,2025.0,Ultra_Low,Western,1,0
12000000,112,7.455,1983,4.0259,4,1982.0,Low,Action,1,1
30000000,129,7.9,17320,11.7938,4,2016.0,Low,Comedy,1,1
0,117,7.431,928,3.0605,2,1971.0,Ultra_Low,Comedy,0,1
7000000,192,7.4,276,3.4858,2,2004.0,Low,Drama,0,1
225000000,143,6.633,15462,12.2416,3,2013.0,High,Action,1,0
0,84,6.0,2,1.1762,1,2019.0,Ultra_Low,Horror,1,0
0,108,6.879,194,4.2851,4,1983.0,Ultra_Low,Action,0,0
0,110,6.844,77,4.1935,1,2023.0,Ultra_Low,Drama,1,1
0,92,7.102,565,3.8132,3,2021.0,Ultra_Low,Drama,0,0
0,105,7.591,1595,3.0722,1,2014.0,Ultra_Low,Thriller,0,1
0,79,6.511,2420,6.4618,4,2004.0,Ultra_Low,Animation,1,0
13000000,133,7.681,2022,8.2326,2,2023.0,Low,Comedy,1,0
0,90,0.0,0,1.4633,3,2015.0,Ultra_Low,Drama,1,0
40000000,121,7.318,4766,4.5107,2,2019.0,Low,Music,1,1
2600000,97,5.2,155,3.3003,2,2007.0,Low,Horror,1,0
0,95,6.8,49,2.4677,4,2020.0,Ultra_Low,Animation,0,0
10000000,113,7.267,4023,4.7718,1,2007.0,Low,Thriller,1,1
0,91,8.108,1689,3.1078,1,1957.0,Ultra_Low,Drama,0,0
0,116,5.7,228,2.969,2,1981.0,Ultra_Low,Romance,1,1
65000000,113,7.309,6000,6.9219,3,1990.0,Medium,Action,1,1
178000000,147,7.441,8555,19.1353,2,2018.0,High,Action,1,1
0,95,5.86,371,3.4928,1,2014.0,Ultra_Low,Thriller,1,1
3500000,91,6.4,575,3.0902,3,2004.0,Low,Action,1,0
5000000,128,7.476,1504,4.2512,3,2021.0,Low,Drama,0,0
6000000,110,7.376,7396,9.933,2,1978.0,Low,Romance,1,1
0,106,5.572,125,2.5012,3,2017.0,Ultra_Low,Horror,0,0
0,77,2.167,6,1.2707,3,2015.0,Ultra_Low,Horror,1,0
60000000,134,7.181,4180,4.32,2,2009.0,Medium,Drama,1,0
14000000,96,6.1,1761,3.5035,3,2010.0,Low,Drama,1,0
65000000,100,5.699,1037,3.8277,3,1991.0,Medium,Action,1,0
140000000,126,7.652,27031,17.4131,3,2008.0,Medium,Action,1,1
0,83,8.1,22,2.1426,1,2024.0,Ultra_Low,Documentary,1,0
16000000,116,6.441,898,6.7892,2,2014.0,Low,Drama,1,0
0,62,0.0,0,5.3336,1,2023.0,Ultra_Low,Romance,0,0
18000000,112,6.861,689,2.6213,1,1997.0,Low,Drama,1,0
0,99,6.86,25,2.2495,3,1997.0,Ultra_Low,Animation,0,1
90000000,119,6.821,13920,8.7927,5,2017.0,Medium,Adventure,1,1
13000000,148,7.145,1170,2.8207,2,2016.0,Low,Thriller,1,0
0,90,6.1,16,2.5526,2,2025.0,Ultra_Low,Romance,0,1
120000000,116,6.908,6289,9.7865,2,2022.0,Medium,Action,1,1
15000000,107,6.419,298,36.6743,3,2025.0,Low,Horror,1,0
5000000,87,6.3,273,2.098,3,2009.0,Low,Drama,1,0
0,88,7.085,65,6.9088,2,1984.0,Ultra_Low,Drama,0,0
100000000,116,6.31,4301,6.5871,3,2010.0,Medium,Comedy,1,0
0,88,7.8,236,2.2269,3,2021.0,Ultra_Low,TV Movie,1,0
63700000,147,7.4,4703,8.0081,3,2006.0,Medium,Crime,1,0
0,99,7.7,142,2.7746,3,2003.0,Ultra_Low,Animation,0,1
120000000,138,5.226,802,7.6364,2,2024.0,Medium,Science Fiction,1,0
65000000,116,7.314,6261,9.7359,2,2020.0,Medium,Action,1,0
40000000,120,7.015,1731,3.7211,3,2006.0,Low,Adventure,1,0
0,68,0.0,0,1.1507,1,2019.0,Ultra_Low,Horror,1,0
0,106,6.6,97,2.5621,2,1969.0,Ultra_Low,Action,0,0
0,62,6.4,254,2.2091,4,2002.0,Ultra_Low,Animation,1,0
0,99,7.343,446,2.9254,4,1986.0,Ultra_Low,Drama,1,1
0,83,7.029,374,2.2456,4,2005.0,Ultra_Low,Animation,1,0
0,70,6.8,5,0.8965,2,2020.0,Ultra_Low,Drama,0,0
0,103,6.167,3,6.0677,1,1994.0,Ultra_Low,Crime,0,0
0,103,6.863,84,2.9282,3,2024.0,Ultra_Low,Thriller,1,0
0,94,6.665,88,4.6062,1,2018.0,Ultra_Low,Comedy,0,0
0,99,6.956,90,3.8054,2,2024.0,Ultra_Low,Family,0,1
3000000,125,7.972,4362,7.3076,5,1986.0,Low,Adventure,0,0
2107575,103,5.571,7,270.7634,1,2024.0,Low,Action,0,0
1700000,112,6.214,434,3.1411,3,2003.0,Low,Horror,0,1
30000000,133,7.083,2925,3.5687,4,2010.0,Low,Romance,1,0
0,111,7.5,62,3.3325,6,2019.0,Ultra_Low,Animation,0,1
0,63,5.4,13,2.2213,3,1988.0,Ultra_Low,Crime,0,0
30000000,100,5.697,1457,2.8356,1,2013.0,Low,Comedy,1,0
0,109,7.432,2322,13.7508,1,2000.0,Ultra_Low,Drama,0,1
0,102,7.777,139,2.3964,2,1954.0,Ultra_Low,Drama,0,0
45000000,122,7.505,6149,6.9505,3,2001.0,Low,Action,1,0
0,113,4.0,1,1.1886,1,2025.0,Ultra_Low,Drama,0,0
0,5,1.0,0,2.856,3,2022.0,Ultra_Low,Thriller,1,0
34000000,120,7.128,4703,7.8091,4,2020.0,Low,Action,1,0
9000000,96,7.72,2473,3.045,3,1979.0,Low,Comedy,1,1
125000,119,7.3,431,2.6428,3,2003.0,Ultra_Low,Action,0,1
0,111,7.4,176,5.3765,3,2018.0,Ultra_Low,Action,0,0
45000000,102,5.623,3351,3.9416,3,2018.0,Low,Horror,1,0
15000000,183,7.992,3951,5.1103,2,1978.0,Low,Drama,1,0
0,95,3.0,2,1.183,1,2018.0,Ultra_Low,Comedy,1,0
150000000,91,6.0,4985,9.5101,4,2007.0,Medium,Family,1,0
0,132,5.7,43,3.4787,2,2023.0,Ultra_Low,Drama,0,0
1250000,129,6.937,1263,3.2439,2,1972.0,Low,Drama,0,1
0,83,4.763,19,2.4906,1,1975.0,Ultra_Low,Drama,0,0
0,145,7.9,678,2.1306,3,1969.0,Ultra_Low,War,0,1
0,75,6.416,1285,4.0117,3,2005.0,Ultra_Low,Animation,1,0
0,118,6.955,601,2.4199,2,2020.0,Ultra_Low,Romance,1,1
30000000,110,6.9,1583,3.3104,2,1996.0,Low,Horror,1,0
0,75,6.01,646,3.3661,2,2002.0,Ultra_Low,Animation,1,0
30000000,114,6.831,1829,8.9196,2,2024.0,Low,Crime,1,0
0,94,7.717,293,2.9002,3,1959.0,Ultra_Low,Comedy,0,0
0,93,7.0,52,2.6738,5,2000.0,Ultra_Low,Animation,0,1
95000000,118,6.21,7564,9.015,3,2010.0,Medium,Adventure,1,0
0,100,4.607,14,2.6264,1,1995.0,Ultra_Low,Drama,0,0
20000000,95,7.188,597,81.8966,2,2025.0,Low,War,1,0
0,85,5.973,526,2.6209,1,2006.0,Ultra_Low,Comedy,0,1
770000,139,6.878,49,3.0009,2,2024.0,Ultra_Low,Drama,0,0
22000000,106,5.925,3842,3.8824,4,2016.0,Low,Comedy,1,0
10000000,91,6.515,1168,3.6666,2,1986.0,Low,Comedy,1,1
1800000,94,6.909,679,3.0137,3,1987.0,Low,Drama,1,1
8000000,92,6.246,491,2.7158,4,1982.0,Low,Action,1,1
0,96,5.5,2,1.4698,2,2017.0,Ultra_Low,Horror,1,0
10000000,86,6.356,565,3.5009,5,2017.0,Low,Comedy,1,0
8000000,105,7.571,2290,3.5712,1,1979.0,Low,Drama,1,1
129000000,116,6.429,3614,12.8427,3,2023.0,Medium,Action,1,0
0,72,6.1,421,2.3045,3,1993.0,Ultra_Low,Animation,1,1
100000000,156,6.967,1635,4.4082,3,2021.0,Medium,Drama,1,0
0,112,6.87,1238,2.3561,2,2021.0,Ultra_Low,Drama,1,0
20000000,127,7.539,2304,4.2331,2,2019.0,Low,Drama,1,0
0,91,7.2,347,4.5439,5,2024.0,Ultra_Low,Animation,1,0
0,5,1.0,0,2.856,3,2022.0,Ultra_Low,Thriller,1,0
0,107,6.3,3,0.9505,2,2024.0,Ultra_Low,Comedy,1,0
0,95,6.067,15,2.2085,1,1989.0,Ultra_Low,Comedy,0,0
159000000,209,7.59,7063,6.2465,3,2019.0,High,Crime,1,0
6000000,208,6.67,244,2.6182,4,1956.0,Low,War,1,0
32000000,129,7.526,312,3.6584,2,2023.0,Low,History,1,0
40000000,127,7.564,3937,6.4925,1,1999.0,Low,Drama,1,0
0,83,7.7,213,8.1052,5,2022.0,Ultra_Low,Animation,0,1
18000000,101,5.856,2336,4.9081,2,1995.0,Low,Action,1,1
50000000,127,6.568,2324,4.0906,4,1995.0,Low,Action,1,1
0,119,6.8,160,2.3235,3,1975.0,Ultra_Low,Adventure,1,0
0,84,7.2,52,2.576,5,2003.0,Ultra_Low,Animation,0,1
0,80,9.0,2,10.7031,2,2024.0,Ultra_Low,Animation,0,0
0,92,8.119,21,58.2783,2,2024.0,Ultra_Low,Action,1,0
17000000,95,6.642,2396,4.834,3,1982.0,Low,Science Fiction,1,0
20000000,110,7.018,5991,6.3994,3,2021.0,Low,Action,1,1
0,91,6.548,1296,6.0449,2,2021.0,Ultra_Low,Action,1,1
70000000,92,5.745,1153,4.1465,2,2009.0,Medium,Comedy,1,0
20000000,104,5.97,1393,4.5437,3,2010.0,Low,Crime,1,1
10000000,105,6.031,873,4.8927,2,2022.0,Low,Horror,1,1
0,97,5.556,9,3.1493,2,2017.0,Ultra_Low,Romance,0,0
20000000,118,6.34,953,2.2869,2,2014.0,Low,Drama,0,0
26000000,132,6.606,1695,8.3893,2,2024.0,Low,Drama,0,0
0,106,5.1,38,2.3728,2,2025.0,Ultra_Low,Comedy,0,0
100000,71,4.1,112,2.3714,2,2006.0,Ultra_Low,Horror,1,0
30000000,118,6.0,1401,4.7006,1,2015.0,Low,Comedy,1,1
0,93,6.323,551,3.8896,2,1993.0,Ultra_Low,Comedy,1,0
105000000,124,6.257,4476,5.7675,3,2017.0,Medium,Action,1,0
17500000,117,6.625,1320,3.0601,3,1985.0,Low,Comedy,1,1
55000000,121,7.009,3535,9.0832,3,1994.0,Medium,Action,1,1
8751000,172,6.486,142,2.6922,2,2019.0,Low,Drama,0,1
60000000,90,5.4,3719,5.1239,2,2008.0,Medium,Thriller,1,0
0,0,0.0,0,4.4747,4,2025.0,Ultra_Low,Comedy,1,0
79000000,91,4.376,2131,4.3478,2,2011.0,Medium,Comedy,1,0
0,69,0.0,0,2.3007,1,2024.0,Ultra_Low,Animation,0,0
165000000,101,7.345,12558,9.6344,4,2012.0,High,Family,1,0
14000000,119,7.201,1198,2.6955,2,1988.0,Low,Drama,1,0
16000000,103,7.572,5157,10.2784,2,2022.0,Low,Horror,1,1
0,96,7.986,593,2.7887,3,1953.0,Ultra_Low,Fantasy,0,0
11000000,151,6.6,251,3.574,4,2006.0,Low,Drama,0,1
0,150,7.0,29,2.9984,2,2001.0,Ultra_Low,Comedy,0,0
0,115,7.614,2153,2.6935,2,2021.0,Ultra_Low,Drama,1,0
10000000,130,6.927,2609,3.4369,3,1999.0,Low,Fantasy,1,0
0,90,7.4,204,3.0148,3,2021.0,Ultra_Low,Romance,0,0
0,96,4.788,274,7.8554,4,2025.0,Ultra_Low,Science Fiction,1,0
120000000,119,5.589,3311,3.6725,3,2011.0,Medium,Action,1,0
4500000,101,5.513,237,2.4116,2,2020.0,Low,Thriller,1,0
40000000,135,7.105,6977,5.0798,3,2003.0,Low,Comedy,1,1
0,107,4.548,146,5.7565,2,2009.0,Ultra_Low,Comedy,0,1
0,81,5.0,4,2.9345,3,2015.0,Ultra_Low,Drama,0,0
0,62,0.0,0,1.292,0,2005.0,Ultra_Low,Unknown,0,0
100000000,104,5.11,3312,4.8684,4,2006.0,Medium,Fantasy,1,0
21000000,102,6.307,2029,3.6833,1,2018.0,Low,Comedy,1,1
0,60,1.7,3,2.84,2,1986.0,Ultra_Low,Crime,0,0
0,12,9.2,4,3.7482,1,2023.0,Ultra_Low,Documentary,1,0
0,71,0.0,0,0.9852,2,2015.0,Ultra_Low,Crime,1,0
4600000,103,7.131,1832,2.8281,2,2013.0,Low,Comedy,1,1
0,132,6.211,194,2.6421,4,2018.0,Ultra_Low,Action,0,1
100000000,129,6.427,82,3.4448,3,2024.0,Medium,Drama,0,1
8800000,116,6.818,1329,7.6775,3,2024.0,Low,Comedy,1,0
10500000,133,6.4,67,3.4079,2,2024.0,Low,History,1,1
0,108,6.4,283,2.4762,3,1994.0,Ultra_Low,Comedy,1,1
49000000,133,6.748,2103,3.1028,3,2019.0,Low,Crime,1,0
0,101,6.4,119,2.9382,2,2025.0,Ultra_Low,Comedy,0,0
0,71,7.583,6,5.2837,2,2025.0,Ultra_Low,Drama,0,0
0,25,6.945,127,11.2555,2,2024.0,Ultra_Low,Animation,1,0
0,0,0.0,0,3.8742,2,2025.0,Ultra_Low,Horror,1,0
0,95,5.9,7,2.5241,1,2024.0,Ultra_Low,Drama,0,0
0,104,7.357,91,2.8376,5,2016.0,Ultra_Low,Animation,0,0
150000000,101,7.209,16093,10.9406,3,2007.0,Medium,Drama,1,1
45000000,89,8.258,18804,16.7873,3,1994.0,Low,Family,1,1
20000000,100,6.496,4136,4.2099,1,2016.0,Low,Comedy,1,1
0,105,7.764,1153,2.6083,3,1967.0,Ultra_Low,Crime,0,1
0,119,7.7,698,3.1689,5,2017.0,Ultra_Low,Animation,0,1
0,82,7.6,1205,4.7055,2,2006.0,Ultra_Low,Animation,1,0
0,90,7.5,18,3.1292,1,2025.0,Ultra_Low,Documentary,1,0
0,100,7.34,901,5.0958,3,2004.0,Ultra_Low,Animation,0,1
26000000,111,6.292,1368,4.0032,3,2012.0,Low,Crime,1,0
9300000,90,6.508,725,2.8883,5,1981.0,Low,Animation,1,0
0,85,6.005,314,3.0802,1,2018.0,Ultra_Low,Thriller,1,1
400000000,170,7.2,814,124.8486,3,2025.0,High,Action,1,0
0,92,5.7,59,7.3728,3,2024.0,Ultra_Low,Action,1,0
75000000,137,7.133,4855,7.4618,3,1996.0,Medium,Action,1,1
0,89,6.462,133,6.7606,2,2024.0,Ultra_Low,Action,1,0
68000000,121,5.821,855,2.8382,5,1999.0,Medium,Adventure,1,0
13000000,88,5.925,609,3.132,1,2002.0,Low,Comedy,1,0
61000000,149,7.889,19069,14.3515,3,2014.0,Medium,Mystery,1,1
0,110,6.353,34,2.8174,2,2021.0,Ultra_Low,TV Movie,0,0
25000000,100,6.1,1327,4.5788,3,2017.0,Low,Action,1,0
14000000,121,6.177,884,3.8861,2,2022.0,Low,Horror,1,0
20000000,105,5.0,5,8.0955,2,2025.0,Low,Action,1,0
75000000,107,7.118,8127,12.2632,4,2016.0,Medium,Family,1,1
12600000,100,6.944,515,3.1336,3,2024.0,Low,Comedy,1,0
12000000,151,7.332,878,2.5526,3,1982.0,Low,Drama,1,0
20000000,111,7.261,2304,3.9414,3,2022.0,Low,Action,1,1
0,115,6.406,16,3.2972,1,2025.0,Ultra_Low,Drama,1,0
0,32,7.055,474,2.4157,1,2020.0,Ultra_Low,Drama,1,0
0,134,6.2,17,1.9345,1,2008.0,Ultra_Low,Science Fiction,0,0
200000,96,6.868,760,2.7858,2,1996.0,Ultra_Low,Comedy,1,1
0,116,8.095,462,5.9264,3,2021.0,Ultra_Low,Animation,0,1
1000000,0,0.0,0,1.0038,3,2018.0,Ultra_Low,Crime,1,0
0,0,0.0,0,1.0169,0,2002.0,Ultra_Low,Unknown,0,0
1000000,110,6.996,3743,8.7171,3,1962.0,Ultra_Low,Adventure,1,1
0,113,6.325,551,3.3793,3,2023.0,Ultra_Low,Drama,1,0
19000000,99,6.487,1132,3.3634,3,1991.0,Low,Drama,1,1
50000000,115,6.72,5284,6.2974,2,2013.0,Low,Action,1,0
910000,108,7.9,1641,5.0596,3,1954.0,Ultra_Low,Crime,1,0
25000000,105,5.887,1742,3.3572,4,2017.0,Low,Thriller,1,0
0,98,5.1,9,3.4263,4,2023.0,Ultra_Low,Action,0,0
0,126,7.144,170,3.2816,4,1989.0,Ultra_Low,Crime,0,1
5000000,93,6.296,1138,3.4969,2,2014.0,Low,Horror,1,0
0,0,6.5,10,2.9638,1,2025.0,Ultra_Low,Comedy,0,0
0,100,7.0,66,2.9616,4,2010.0,Ultra_Low,Adventure,0,1
21000000,94,6.19,2554,3.6792,2,2019.0,Low,Comedy,1,1
70000000,99,7.3,4070,8.1991,4,1998.0,Medium,Adventure,1,0
0,118,6.4,45,1.9908,2,2010.0,Ultra_Low,Action,0,0
50000,110,10.0,1,1.1182,1,2009.0,Ultra_Low,Drama,1,0
0,86,5.3,52,4.7939,1,1992.0,Ultra_Low,Thriller,0,0
0,97,7.0,180,2.2154,4,2023.0,Ultra_Low,Comedy,1,0
30000000,129,6.718,1076,2.6002,3,2011.0,Low,Action,1,0
0,90,8.0,3,1.253,1,2019.0,Ultra_Low,Drama,0,1
15000000,228,7.995,3161,5.7892,3,1962.0,Low,Adventure,1,1
11000000,133,6.065,601,2.5091,4,2021.0,Low,Crime,0,0
0,113,7.897,1729,5.5187,2,2019.0,Ultra_Low,Drama,1,0
26000000,96,6.527,3900,6.1581,3,2003.0,Low,Family,1,1
1700000,112,6.214,434,3.1411,3,2003.0,Low,Horror,0,1
0,86,5.25,4,9.7425,3,2025.0,Ultra_Low,Thriller,1,0
0,114,6.5,6,8.5354,2,2025.0,Ultra_Low,Drama,0,0
70000000,102,6.429,1260,3.5349,4,1998.0,Medium,Science Fiction,1,0
0,86,3.3,3,4.1866,0,1978.0,Ultra_Low,Unknown,0,0
0,14,3.0,2,1.088,1,2015.0,Ultra_Low,Comedy,1,0
2500000,91,6.76,1363,3.3425,3,2003.0,Low,Horror,0,0
200000000,143,7.249,15478,8.2252,3,2012.0,High,Action,1,1
220000,105,7.612,396,2.1741,3,1922.0,Ultra_Low,Documentary,0,0
0,90,6.6,347,2.9724,4,2017.0,Ultra_Low,Animation,0,1
0,148,2.937,127,2.5222,2,2019.0,Ultra_Low,Thriller,1,0
20000000,93,5.5,160,4.28,3,2022.0,Low,Action,1,0
0,100,6.7,213,2.7036,3,2011.0,Ultra_Low,Action,0,0
5000,71,3.8,72,6.3469,2,1970.0,Ultra_Low,Comedy,1,0
14000000,108,6.421,1489,6.1423,1,2014.0,Low,Thriller,1,0
0,121,7.144,66,4.9115,2,2024.0,Ultra_Low,Drama,1,0
0,99,6.0,118,2.1655,3,2008.0,Ultra_Low,Action,0,1
55000000,142,8.468,28302,20.8136,3,1994.0,Medium,Comedy,1,1
0,102,7.333,45,6.2218,2,1974.0,Ultra_Low,Comedy,0,0
65000000,107,5.842,392,2.4855,5,2017.0,Medium,Comedy,0,1
0,162,5.323,31,1.4063,2,2005.0,Ultra_Low,Drama,0,0
0,94,5.6,15,1.8487,1,2006.0,Ultra_Low,Drama,0,0
20000000,137,7.347,4352,5.536,2,1977.0,Low,Science Fiction,1,1
40000000,112,6.5,1076,3.4462,3,2007.0,Low,Family,1,0
0,88,5.2,93,2.7254,1,2024.0,Ultra_Low,Horror,1,0
1549000,108,6.7,280,6.1528,3,2005.0,Low,Action,0,1
0,0,4.25,4,1.2174,2,2019.0,Ultra_Low,Thriller,1,0
0,64,1.3,6,1.4936,2,2019.0,Ultra_Low,Action,1,0
75000000,116,7.333,15844,12.6625,2,2013.0,Medium,Thriller,1,1
50000000,94,6.342,623,17.9402,3,2025.0,Low,Drama,1,0
150000000,144,6.815,11597,3.5005,3,2007.0,Medium,Adventure,1,1
0,124,7.1,39,2.7498,2,2024.0,Ultra_Low,Romance,0,0
120000,85,7.4,5,2.5296,2,2012.0,Ultra_Low,Comedy,1,0
340000000,142,7.038,5924,27.8429,5,2023.0,High,Action,1,0
250000000,146,7.741,19535,20.8667,2,2010.0,High,Adventure,1,1
0,73,4.707,41,3.1631,2,2019.0,Ultra_Low,Drama,0,0
0,95,5.4,5,1.4615,1,2024.0,Ultra_Low,Horror,0,0
15000000,98,6.193,2260,4.0914,3,2015.0,Low,Horror,1,1
0,112,7.0,1,1.0078,1,2025.0,Ultra_Low,Documentary,1,0
11000000,117,8.165,15353,17.8384,2,1979.0,Low,Horror,1,1
0,99,6.0,1,2.952,2,2016.0,Ultra_Low,Drama,0,0
0,107,6.7,109,1.6451,1,1959.0,Ultra_Low,Western,1,0
7500000,109,7.206,2260,4.0723,2,1988.0,Low,Comedy,1,1
0,0,0.0,0,19.6983,4,2027.0,Ultra_Low,Fantasy,1,0
0,113,6.467,15,19.395,1,2024.0,Ultra_Low,Drama,0,0
0,104,0.0,0,8.346,5,2025.0,Ultra_Low,Family,1,0
0,111,6.9,235,3.1859,2,2002.0,Ultra_Low,Action,0,1
150000000,103,6.0,5268,6.8807,3,2016.0,Medium,Action,1,0
0,83,4.5,6,111.3454,2,2024.0,Ultra_Low,Horror,0,0
30000000,126,6.365,423,6.6557,3,2024.0,Low,Action,1,0
7000000,91,5.941,331,2.7494,5,1990.0,Low,Action,1,0
10400000,161,7.89,1043,4.8869,3,2016.0,Low,Drama,0,1
250000,85,6.784,222,3.4321,3,1971.0,Ultra_Low,Science Fiction,0,1
5500000,127,8.0,26,3.5798,2,2023.0,Low,History,0,0
217000000,154,6.055,6383,9.3988,3,2017.0,High,Action,1,0
0,99,7.892,2902,8.1435,3,2022.0,Ultra_Low,Animation,0,1
40000000,128,6.972,1652,3.5139,5,1993.0,Low,Action,1,1
0,96,5.649,178,2.9555,2,2017.0,Ultra_Low,Action,1,0
13000,60,0.0,0,0.8457,1,2016.0,Ultra_Low,Drama,0,0
0,96,6.5,50,2.1367,4,1963.0,Ultra_Low,Science Fiction,0,0
0,108,8.238,1628,6.031,3,2018.0,Ultra_Low,Animation,0,1
33000000,131,7.405,290,3.1144,2,2022.0,Low,Drama,1,0
46000000,153,8.098,12229,18.797,3,2013.0,Low,Drama,1,0
0,95,7.202,1325,2.7866,4,2020.0,Ultra_Low,Animation,1,0
812000,64,6.998,5071,8.372,2,1941.0,Ultra_Low,Animation,1,0
1000000,90,6.719,1613,3.0957,1,1980.0,Ultra_Low,Horror,1,1
0,89,4.9,23,5.4092,3,1980.0,Ultra_Low,Thriller,0,0
0,94,6.915,505,7.8333,2,2024.0,Ultra_Low,Thriller,1,1
0,148,7.4,88,6.6621,3,2024.0,Ultra_Low,Romance,0,0
31000000,143,7.436,1116,1.8945,1,1992.0,Low,Drama,1,0
0,71,5.75,4,3.0312,1,2018.0,Ultra_Low,Romance,0,0
116000000,108,6.209,1919,3.9274,4,1997.0,Medium,Action,1,0
10000000,108,6.412,4664,5.8558,3,2006.0,Low,Horror,1,1
0,115,7.208,36,4.3903,1,2025.0,Ultra_Low,Drama,0,0
0,87,6.227,708,3.0043,3,2021.0,Ultra_Low,Action,1,0
0,105,6.8,420,3.8685,4,2010.0,Ultra_Low,Drama,0,1
24000000,105,6.4,564,2.5307,2,2014.0,Low,Comedy,1,0
0,48,5.6,5,1.1726,2,1987.0,Ultra_Low,Animation,0,0
0,100,6.1,7,2.8931,5,2024.0,Ultra_Low,Crime,0,0
67000000,100,6.718,2820,16.1649,3,2024.0,Medium,Horror,1,1
0,96,6.1,204,2.7894,2,2023.0,Ultra_Low,Drama,1,1
0,86,5.773,771,2.4827,2,2007.0,Ultra_Low,Horror,1,1
0,83,0.0,0,1.2562,2,2006.0,Ultra_Low,Horror,1,0
22000000,167,5.946,1406,6.8969,1,2022.0,Low,Drama,1,0
0,88,5.667,15,2.2213,1,2012.0,Ultra_Low,Drama,1,0
0,119,6.2,19,2.3342,3,2022.0,Ultra_Low,Crime,0,0
4000000,122,7.866,3511,4.8508,3,2014.0,Low,Drama,0,1
92000000,113,6.539,3577,8.1098,3,1996.0,Medium,Action,1,1
50000000,116,7.002,4707,4.5032,2,2017.0,Low,Drama,1,1
78000000,189,7.376,3385,12.5975,2,2022.0,Medium,Drama,1,0
0,94,6.029,156,3.5515,4,2023.0,Ultra_Low,Horror,1,1
70000000,118,6.062,3654,3.7724,4,2014.0,Medium,War,1,0
215000000,136,6.715,17757,14.1778,3,2012.0,High,Action,1,1
0,119,6.8,85,2.8878,2,2023.0,Ultra_Low,Drama,0,1
0,0,0.0,0,2.4352,3,2025.0,Ultra_Low,Horror,1,0
875000,124,7.814,555,3.2725,2,1983.0,Ultra_Low,Drama,0,0
0,91,6.9,34,1.9957,5,1987.0,Ultra_Low,Animation,0,1
110000000,123,7.466,5535,17.2199,4,2022.0,Medium,Action,1,1
30000000,84,6.338,3161,8.3974,3,2006.0,Low,Comedy,1,0
10500000,101,6.6,1401,2.5827,2,2003.0,Low,Drama,1,0
5000000,100,7.684,917,6.4114,1,2016.0,Low,Comedy,0,1
0,125,5.5,4,1.2411,1,2025.0,Ultra_Low,Comedy,0,0
15000000,106,6.526,1358,7.5697,2,2023.0,Low,Horror,1,0
0,98,6.0,1,2.601,1,2024.0,Ultra_Low,Drama,0,0
94000000,100,7.8,19711,16.3107,2,2003.0,Medium,Animation,1,1
297000000,135,6.315,3075,15.5635,4,2023.0,High,Adventure,1,0
20000000,117,6.6,4363,6.7194,4,2018.0,Low,Thriller,1,1
0,113,6.095,532,4.7638,1,2024.0,Ultra_Low,Horror,1,1
6300000,98,7.225,1894,7.4259,2,2020.0,Low,Action,0,0
5000000,100,7.5,3138,3.2718,1,2014.0,Low,Drama,1,1
0,93,0.0,0,1.0786,2,2019.0,Ultra_Low,Documentary,1,0
26000000,117,7.5,2612,3.4771,2,2014.0,Low,Drama,1,0
12000000,92,6.403,955,3.2561,2,2012.0,Low,Comedy,1,0
0,96,4.625,8,2.8448,1,2016.0,Ultra_Low,Romance,0,0
0,94,6.3,25,2.5672,3,2017.0,Ultra_Low,Animation,0,1
40000000,105,6.093,2056,2.6921,2,2016.0,Low,Action,1,0
0,135,5.5,31,2.0975,4,2006.0,Ultra_Low,Drama,0,1
0,114,7.576,336,2.0656,2,2002.0,Ultra_Low,Drama,0,0
19000000,127,6.936,313,7.1276,1,2019.0,Low,Drama,0,0
170000000,126,7.171,7335,5.2675,3,2011.0,High,Adventure,1,0
22000000,117,6.548,932,3.1755,3,1983.0,Low,Thriller,1,1
150000000,111,7.8,17561,18.6812,4,2007.0,Medium,Animation,1,1
20000000,132,7.494,2184,5.5775,2,2017.0,Low,Drama,1,1
25000000,96,7.1,2450,3.1947,3,2002.0,Low,Romance,1,0
16000000,74,6.502,636,3.4712,5,2000.0,Low,Adventure,0,1
110000000,125,6.564,7448,6.1154,2,2004.0,Medium,Thriller,1,0
0,83,4.75,4,2.5065,1,2016.0,Ultra_Low,Romance,0,0
0,90,8.241,538,4.1827,4,2019.0,Ultra_Low,Animation,0,0
30000000,122,6.8,4197,3.2807,2,2015.0,Low,Drama,1,0
0,54,5.8,5,1.1096,1,2019.0,Ultra_Low,Documentary,0,0
0,0,0.0,0,0.9227,1,1977.0,Ultra_Low,Drama,0,0
0,97,6.9,1012,5.0977,4,2017.0,Ultra_Low,Animation,0,0
0,91,3.167,6,2.3478,1,2016.0,Ultra_Low,Romance,0,0
110000000,76,6.1,2081,6.2123,2,2004.0,Medium,Animation,1,0
18000000,95,6.146,655,4.5078,3,1981.0,Low,Action,1,1
8000000,90,4.648,637,2.7411,2,2017.0,Low,Action,1,0
250000,118,6.915,340,2.489,3,2003.0,Ultra_Low,Crime,0,1
0,23,0.0,0,0.9905,1,2018.0,Ultra_Low,Drama,0,0
0,101,6.028,567,3.2712,2,2022.0,Ultra_Low,Thriller,1,0
22000000,113,7.681,6108,7.7041,2,2020.0,Low,Comedy,1,1
21000000,123,7.925,2307,4.8548,2,2007.0,Low,Crime,1,0
0,138,7.205,3455,4.1132,3,2020.0,Ultra_Low,Crime,1,0
0,64,7.0,1,1.0429,1,2017.0,Ultra_Low,Documentary,1,0
0,92,6.0,67,3.9766,4,2013.0,Ultra_Low,Romance,0,0
44000000,131,7.467,4430,6.1162,3,1993.0,Low,Action,1,1
0,93,5.0,1,1.2223,1,2015.0,Ultra_Low,Drama,0,0
